letter,count,relative
р,1,0.037037037037037035
с,1,0.037037037037037035
т,1,0.037037037037037035
у,1,0.037037037037037035
ч,2,0.07407407407407407
ь,1,0.037037037037037035
я,1,0.037037037037037035
а,3,0.1111111111111111
в,1,0.037037037037037035
д,1,0.037037037037037035
є,1,0.037037037037037035
і,2,0.07407407407407407
ж,1,0.037037037037037035
з,2,0.07407407407407407
и,1,0.037037037037037035
к,2,0.07407407407407407
м,1,0.037037037037037035
н,3,0.1111111111111111
о,1,0.037037037037037035
Total,27
